{
    "beta_0.00": {
        "s": 0.5,
        "p": 0.5,
        "c": -1.0,
        "alpha": 0.5711536757403821
    },
    "beta_0.70": {
        "s": 1.3265306122448979,
        "p": 1.3571428571428572,
        "c": 1.0,
        "alpha": 0.5977849070963641
    },
    "beta_0.80": {
        "s": 1.846938775510204,
        "p": 0.5,
        "c": -0.3877551020408164,
        "alpha": 0.7761160114969349
    },
    "beta_0.50": {
        "s": 1.2040816326530612,
        "p": 1.0510204081632653,
        "c": 0.9591836734693877,
        "alpha": 0.6019086324720091
    }
}